Escenario,Dia,Fecha,InicialKg,EntradaKg,DemandaKg,VentaKg,FaltanteKg,MermaPotencialKg,FinalKg
Base,0,2026-10-08,15.0,0.0,8.0,8.0,0.0,0.0,7.0
Base,1,2026-10-09,7.0,0.0,8.0,7.0,1.0,0.0,0.0
Base,2,2026-10-10,0.0,30.0,8.0,8.0,0.0,0.0,22.0
Base,3,2026-10-11,22.0,0.0,8.0,8.0,0.0,0.0,14.0
Base,4,2026-10-12,14.0,0.0,8.0,8.0,0.0,6.0,0.0
Demanda mas 50 por ciento,0,2026-10-08,15.0,0.0,12.0,12.0,0.0,0.0,3.0
Demanda mas 50 por ciento,1,2026-10-09,3.0,0.0,12.0,3.0,9.0,0.0,0.0
Demanda mas 50 por ciento,2,2026-10-10,0.0,30.0,12.0,12.0,0.0,0.0,18.0
Demanda mas 50 por ciento,3,2026-10-11,18.0,0.0,12.0,12.0,0.0,0.0,6.0
Demanda mas 50 por ciento,4,2026-10-12,6.0,0.0,12.0,6.0,6.0,0.0,0.0
Proveedor dos dias tarde,0,2026-10-08,15.0,0.0,8.0,8.0,0.0,0.0,7.0
Proveedor dos dias tarde,1,2026-10-09,7.0,0.0,8.0,7.0,1.0,0.0,0.0
Proveedor dos dias tarde,2,2026-10-10,0.0,0.0,8.0,0.0,8.0,0.0,0.0
Proveedor dos dias tarde,3,2026-10-11,0.0,0.0,8.0,0.0,8.0,0.0,0.0
Proveedor dos dias tarde,4,2026-10-12,0.0,30.0,8.0,8.0,0.0,22.0,0.0
Compra adicional de 20 kg,0,2026-10-08,15.0,0.0,8.0,8.0,0.0,0.0,7.0
Compra adicional de 20 kg,1,2026-10-09,7.0,0.0,8.0,7.0,1.0,0.0,0.0
Compra adicional de 20 kg,2,2026-10-10,0.0,50.0,8.0,8.0,0.0,0.0,42.0
Compra adicional de 20 kg,3,2026-10-11,42.0,0.0,8.0,8.0,0.0,0.0,34.0
Compra adicional de 20 kg,4,2026-10-12,34.0,0.0,8.0,8.0,0.0,26.0,0.0
Compra menor de 10 kg,0,2026-10-08,15.0,0.0,8.0,8.0,0.0,0.0,7.0
Compra menor de 10 kg,1,2026-10-09,7.0,0.0,8.0,7.0,1.0,0.0,0.0
Compra menor de 10 kg,2,2026-10-10,0.0,20.0,8.0,8.0,0.0,0.0,12.0
Compra menor de 10 kg,3,2026-10-11,12.0,0.0,8.0,8.0,0.0,0.0,4.0
Compra menor de 10 kg,4,2026-10-12,4.0,0.0,8.0,4.0,4.0,0.0,0.0
Alternativa anticipada,0,2026-10-08,15.0,0.0,8.0,8.0,0.0,0.0,7.0
Alternativa anticipada,1,2026-10-09,7.0,25.0,8.0,8.0,0.0,0.0,24.0
Alternativa anticipada,2,2026-10-10,24.0,0.0,8.0,8.0,0.0,0.0,16.0
Alternativa anticipada,3,2026-10-11,16.0,0.0,8.0,8.0,0.0,0.0,8.0
Alternativa anticipada,4,2026-10-12,8.0,0.0,8.0,8.0,0.0,0.0,0.0
